;Y;nbVoisins;propCodeNAF;propSumVoisins1;propVoisins1;size;sumVoisins1
0;False;3366.0;0.000818344673363;0.444624801529;0.00148544266191;109950.848663;0.546305206652
1;True;3032.0;0.000685139684124;0.397061902601;0.00164907651715;59919.1058485;0.424235666065
2;True;692.0;0.00462434623061;0.75532665063;0.00722543352601;18960.0500255;0.986141486439
3;True;699.0;0.00256738485105;0.544537637902;0.0071530758226;30145.0874241;0.890703835614
4;False;2907.0;0.00128366471714;0.272896205476;0.00171998624011;70313.3890308;0.718717033981
5;False;1845.0;0.0;0.237836535812;0.00216802168022;60667.1739951;0.523845269422
6;False;2386.0;0.000999683080114;0.323188426857;0.00209555741827;31169.8003983;0.627509646407
7;True;623.0;0.119916172955;0.528650751466;0.00802568218299;16575.1462224;1.21793407064
8;True;630.0;0.0213144914794;0.759325610484;0.00793650793651;8110.53924106;1.30860852147
9;False;3012.0;0.000952276459629;0.272004909215;0.00166002656042;55622.0887341;0.768248438456
10;True;1194.0;0.00410700431119;0.574020277011;0.00418760469012;14188.7784285;0.837399236904
11;False;2859.0;0.00242544182178;0.265294030292;0.00174886323889;47545.3816394;0.269475561529
12;False;1518.0;0.00149985025633;0.666760977752;0.00329380764163;10274.6955148;0.721668612701
13;False;2233.0;0.0;0.408811498424;0.00179131213614;21907.5765159;0.734102063202
14;False;1300.0;0.0072591161384;0.645806200583;0.00384615384615;13533.4312059;0.79921344137
15;False;1345.0;0.0;0.172739645171;0.00297397769517;61985.6285416;0.29753005896
16;True;640.0;0.00122832552379;0.410814425832;0.0078125;15239.6818014;0.507659289173
17;True;1344.0;0.0177343799091;0.514088890149;0.00372023809524;11078.6409159;0.930129152247
18;True;237.0;0.0;0.625077185989;0.0210970464135;7847.71846702;1.08641011689
19;False;2012.0;0.00342204396367;0.222502173142;0.00248508946322;25201.7002862;0.204150485317
20;False;2674.0;9.02481373955e-06;0.266122076923;0.0018698578908;35473.8848963;0.860853719411
21;True;366.0;0.00146458425849;0.373279104874;0.0136612021858;13834.5716598;0.358111253205
22;False;708.0;5.72240743432e-05;0.576728758982;0.00564971751412;11121.0812942;0.35000350142
23;False;692.0;5.73834111373e-05;0.577887145673;0.00578034682081;11090.2013342;0.349075732086
24;False;2818.0;0.00084401206557;0.220801975249;0.00177430801987;38534.6320294;0.737878003379
25;False;1763.0;0.000130851004566;0.155322982675;0.00283607487238;74870.7871242;0.238622475846
26;True;491.0;0.00509369381751;0.490075649258;0.010183299389;8965.49756743;0.530533428874
27;False;2407.0;0.0;0.299367591955;0.0020772746157;25036.6274;0.689269861087
28;False;355.0;0.0;0.766619989981;0.0112676056338;12533.8121229;0.585410697769
29;True;241.0;0.00424979909868;0.687807232894;0.0207468879668;5719.37262813;0.911808857263
30;True;1845.0;0.588012508269;0.230474105141;0.00162601626016;60667.1739951;1.11983293264
31;True;2907.0;0.408736653086;0.212998909023;0.00103199174407;70313.3890308;1.17818615415
32;True;493.0;0.841184594107;0.358307914;0.00608519269777;25246.1712243;1.1551094052
33;True;3366.0;0.199681970109;0.0631203958321;0.000891265597148;109950.848663;0.169685272323
34;False;1825.0;0.667495662808;0.178786100536;0.00164383561644;23983.7410699;0.532666693245
35;False;3977.0;0.0764474350888;0.0525290047403;0.000754337440282;166257.985357;0.153824328715
36;True;413.0;0.755192338097;0.532438011482;0.00726392251816;12588.3077765;0.913518097207
37;True;246.0;0.85239061435;0.609770511124;0.0121951219512;12043.107632;0.728177607473
38;False;2818.0;0.131296414676;0.129945941486;0.00106458481192;38534.6320294;0.923921180704
39;False;1857.0;0.000144629790408;0.186929889131;0.0016155088853;18314.1082062;0.468412930504
40;False;3032.0;0.0631457504695;0.0141078104056;0.00098944591029;59919.1058485;0.0335513470618
41;False;2664.0;0.00076565650814;0.0942687211798;0.00112612612613;40201.7441473;0.384044108144
42;True;1391.0;0.115387414551;0.0797229358854;0.00215672178289;24610.1094012;0.30745958304
43;False;568.0;0.00021789777419;0.439093513301;0.00528169014085;7757.97976593;0.527918035259
44;True;190.0;0.0;0.439930786721;0.0157894736842;3934.30991058;0.553003038221
45;False;540.0;0.189199846227;0.336841450977;0.00555555555556;6843.72253117;0.424380465389
46;False;2674.0;0.000367244988171;0.049976193264;0.00112191473448;35473.8848963;0.318359519731
47;False;672.0;0.00225060848606;0.320948127138;0.00446428571429;15814.7989767;0.687495961656
48;True;2490.0;0.0239384660737;0.0504258654288;0.00120481927711;48876.2127973;0.152288442598
49;False;2012.0;0.0254611357657;0.0414818282605;0.00149105367793;25201.7002862;0.0635393894994
50;True;2407.0;0.0961823695201;0.0503291232087;0.00124636476942;25036.6274;0.245605910448
51;False;2859.0;0.0163909594211;0.0344943549108;0.00104931794334;47545.3816394;0.0613129700885
52;False;2315.0;0.0346256837048;0.0837760475848;0.00129589632829;14425.7384714;0.438800003517
53;True;448.0;0.276091396605;0.320430864474;0.00669642857143;5438.66303433;0.748933840444
54;False;1437.0;0.000230910018445;0.168711090411;0.00208768267223;9604.49985724;0.490916221687
55;False;1018.0;0.387525967077;0.223467932574;0.00294695481336;3863.48341953;0.383569243491
56;False;1802.0;0.000792292283088;0.0816022528287;0.00166481687014;12825.7924634;0.433722177645
57;False;1488.0;0.0456329196576;0.070159656256;0.00201612903226;13183.9767805;0.132830478631
58;True;665.0;0.156762302459;0.0828707002;0.00451127819549;6641.52925046;0.347245573558
59;False;145.0;0.0;0.44948301501;0.0137931034483;1785.05562233;0.413128639718
60;True;2386.0;0.0102594462744;0.684416160762;0.00251466890193;31169.8003983;1.63297573164
61;False;2907.0;7.72047317269e-05;0.489111974499;0.00206398348813;70313.3890308;1.39641155444
62;False;1845.0;0.0;0.464707734069;0.00325203252033;60667.1739951;1.12988118151
63;True;3012.0;0.00468138093394;0.511270493986;0.00199203187251;55622.0887341;1.58359070063
64;False;1345.0;0.0;0.353792223722;0.00446096654275;61985.6285416;0.710037522448
65;False;1825.0;0.00112814091852;0.441478728185;0.0027397260274;23983.7410699;0.772714819288
66;False;1763.0;8.49890220795e-05;0.319825357931;0.00340328984685;74870.7871242;0.549009405846
67;False;2233.0;0.000186280102155;0.638983991477;0.00268696820421;21907.5765159;1.21787771628
68;False;2818.0;0.001544660539;0.408214292224;0.00212916962385;38534.6320294;1.51969624521
69;False;2674.0;0.00230403238628;0.435830898801;0.00224382946896;35473.8848963;1.39626089823
70;True;1518.0;0.00360428126937;0.844563088644;0.00395256916996;10274.6955148;0.838891090197
71;True;2449.0;0.00460744841768;0.524056918931;0.0024499795835;22171.6146965;1.52577518309
72;True;2859.0;0.00256484071382;0.364626793568;0.00209863588667;47545.3816394;0.30112974226
73;False;2407.0;3.33241743201e-05;0.487086266348;0.00249272953885;25036.6274;1.18527970222
74;False;493.0;0.0;0.320917062532;0.0101419878296;25246.1712243;0.567953452772
75;False;3079.0;0.00223126830685;0.417708524425;0.00194868463787;40953.5377742;1.45899825148
76;True;708.0;0.00443930569702;0.739387134522;0.00847457627119;11121.0812942;0.429383403524
77;True;692.0;0.00435720437532;0.739471902759;0.00867052023121;11090.2013342;0.426626395563
78;False;1300.0;0.000961982926673;0.750904889167;0.00461538461538;13533.4312059;0.747554584038
79;False;2490.0;8.42805756229e-05;0.319655514687;0.00240963855422;48876.2127973;0.488027835731
80;False;1344.0;0.000820295112752;0.658086166539;0.00446428571429;11078.6409159;0.945074652822
81;True;2012.0;0.00062151942386;0.305452668692;0.00298210735586;25201.7002862;0.207924803483
82;False;1788.0;7.84183865902e-05;0.41715247141;0.00335570469799;48594.8182608;0.27943267344
83;False;763.0;0.00586007287575;0.753302494405;0.00786369593709;8439.39194931;0.913246923236
84;False;1195.0;0.0;0.640116331876;0.00502092050209;11377.5233301;1.432527759
85;False;1131.0;0.0;0.718384610369;0.0053050397878;6130.3987913;1.39919401373
86;False;2336.0;0.000510026270216;0.50396225339;0.0021404109589;24950.5802607;0.846658866204
87;False;1391.0;0.0;0.317282454025;0.00359453630482;24610.1094012;0.638868873286
88;True;1179.0;0.00190132915568;0.765951096021;0.00508905852417;8570.32102156;0.833735868076
89;False;2664.0;0.000453926609577;0.347555486201;0.00225225225225;40201.7441473;0.697900984324
90;True;692.0;0.0923163406577;0.42865878265;0.0014450867052;18960.0500255;0.728946667383
91;True;699.0;0.627238773378;0.310133971585;0.00143061516452;30145.0874241;0.70491269504
92;True;3977.0;0.028864541777;0.0218078900343;0.000251445813427;166257.985357;0.100492195826
93;True;623.0;0.341821581954;0.191462398742;0.0016051364366;16575.1462224;0.728946667383
94;True;640.0;0.553158645082;0.186479423155;0.0015625;15239.6818014;0.358417301367
95;True;366.0;0.723629528601;0.181807520805;0.00273224043716;13834.5716598;0.259367443775
96;True;237.0;0.62341096617;0.294488609666;0.0042194092827;7847.71846702;0.728946667383
97;True;241.0;0.885356584028;0.436564785394;0.00414937759336;5719.37262813;0.728946667383
98;True;630.0;0.414286107533;0.124003755809;0.0015873015873;8110.53924106;0.491657331764
99;True;1194.0;0.202968726011;0.113885798341;0.000837520938023;14188.7784285;0.345776882452
100;True;491.0;0.361653868857;0.197345030942;0.0020366598778;8965.49756743;0.340535931304
101;False;547.0;0.109199704445;0.315506273835;0.0018281535649;7283.57467444;0.534917075776
102;False;1361.0;0.182919823741;0.115563919713;0.000734753857458;9191.31561515;0.688264105465
103;True;363.0;0.121065733256;0.202297298704;0.00275482093664;6811.34136722;0.690161090045
104;False;554.0;0.319854114403;0.168172646826;0.00180505415162;6625.10817154;0.228897152588
105;True;2012.0;0.129516885139;0.0356153564118;0.000497017892644;25201.7002862;0.0775923196788
106;False;2859.0;0.058946754479;0.0291097961013;0.000349772647779;47545.3816394;0.0754113062693
107;True;444.0;0.383021773739;0.205887414484;0.00225225225225;8213.52063091;0.220201234847
108;False;339.0;0.10974303956;0.386242259142;0.00294985250737;3252.94760406;0.370420261455
109;True;254.0;0.547961769486;0.286821656459;0.00393700787402;2821.91678922;0.728946667383
110;True;231.0;0.719067184111;0.232923665286;0.004329004329;4454.708824;0.728946667383
111;False;800.0;0.0666367101305;0.0997790277661;0.00125;4800.8182936;0.41357010041
112;False;1107.0;0.216313172269;0.1280788188;0.000903342366757;4846.38669579;0.728946667383
113;False;718.0;0.0991915138724;0.0694308746706;0.00139275766017;10504.5954473;0.407405155858
114;False;3366.0;0.00449934708843;0.00301374752015;0.000297088532383;109950.848663;0.0127906627863
115;False;1141.0;0.1667321048;0.0784501312695;0.000876424189308;6389.82841905;0.293961056252
116;False;440.0;0.076359821749;0.0897340931628;0.00227272727273;4567.35917493;0.38561243049
117;False;281.0;0.18370767527;0.096112372516;0.00355871886121;4344.59366054;0.369449653583
118;False;461.0;0.238212600837;0.115344738717;0.00216919739696;3988.11410066;0.269230053916
119;False;2907.0;0.0091814939587;0.0065083173719;0.000343997248022;70313.3890308;0.0565193646007
120;True;1345.0;0.665298832812;0.141089382544;0.00148698884758;61985.6285416;0.542921076567
121;True;3977.0;0.0764474350888;0.0556625217209;0.000502891626854;166257.985357;0.167475995778
122;True;3366.0;0.199681970109;0.0460752357452;0.000594177064765;109950.848663;0.125705045639
123;False;1763.0;0.626379407332;0.133402263484;0.00113442994895;74870.7871242;0.448840676916
124;False;1845.0;0.588012508269;0.083022707236;0.00108401084011;60667.1739951;0.39999508282
125;True;3032.0;0.0631457504695;0.0238397369374;0.00065963060686;59919.1058485;0.0583399869338
126;True;493.0;0.841184594107;0.0805636978548;0.00405679513185;25246.1712243;0.255437144311
127;False;1825.0;0.667495662808;0.0593115499715;0.00109589041096;23983.7410699;0.174530267739
128;False;2818.0;0.131296414676;0.0577631369661;0.000709723207949;38534.6320294;0.424448975958
129;False;1755.0;3.42804262516e-05;0.269894427939;0.0011396011396;5231.27685201;0.665545895449
130;False;3012.0;0.000629444039557;0.0457360513361;0.00066401062417;55622.0887341;0.25175547708
131;True;190.0;0.0;0.423728957469;0.00526315789474;3934.30991058;0.56518477626
132;False;881.0;4.82578617891e-05;0.272657947416;0.0011350737798;7086.36733557;0.665435546751
133;False;2315.0;0.0346256837048;0.113179690758;0.000863930885529;14425.7384714;0.619565613342
134;False;2859.0;0.0163909594211;0.0388677515414;0.000699545295558;47545.3816394;0.0856973679609
135;False;2674.0;0.000367244988171;0.0540543784895;0.00074794315632;35473.8848963;0.353120742831
136;False;2012.0;0.0254611357657;0.0414321840159;0.000994035785288;25201.7002862;0.0834013138459
137;False;1783.0;0.00137457010285;0.200127207418;0.000560852495794;16179.5227105;0.211256929664
138;False;854.0;0.000361949173102;0.273969803106;0.00117096018735;13227.3069187;0.210520955901
139;True;176.0;0.846080380689;0.637418579227;0.0113636363636;3117.53873809;0.666403590818
140;False;246.0;0.85239061435;0.135941354462;0.00813008130081;12043.107632;0.160225995903
141;False;2233.0;0.0231677317167;0.0434504978945;0.00089565606807;21907.5765159;0.169391900763
142;False;2407.0;0.0961823695201;0.0469953523589;0.000830909846282;25036.6274;0.227729251379
143;False;2490.0;0.0239384660737;0.0402974932812;0.000803212851406;48876.2127973;0.122686437927
144;False;599.0;0.000253537369749;0.314264518296;0.0016694490818;4949.87478663;0.258255852499
145;False;2386.0;0.000302629860609;0.0209339724077;0.000838222967309;31169.8003983;0.084160987181
146;True;3079.0;0.000535257768503;0.0331168355277;0.000649561545956;40953.5377742;0.2177643091
147;False;709.0;0.00075164541168;0.239181588572;0.00141043723554;6777.59371845;0.204896993306
148;False;1391.0;0.115387414551;0.0349219636752;0.00143781452193;24610.1094012;0.138670763524
149;False;145.0;0.0;0.415775712623;0.00689655172414;1785.05562233;0.405597218715
150;False;2664.0;1.27494775648e-05;0.0139535245163;0.0015015015015;40201.7441473;0.253824892823
151;False;616.0;0.0;0.138705267846;0.00162337662338;2280.24243564;0.606742297312
152;False;1031.0;0.0;0.0438003044284;0.000969932104753;5750.246427;0.698304358397
153;False;2674.0;0.0;0.00490818894219;0.00074794315632;35473.8848963;0.138947668164
154;False;3977.0;3.42795349048e-05;0.000944718577423;0.00100578325371;166257.985357;0.0125624021036
155;False;2818.0;0.000655654097642;0.00291013908768;0.0014194464159;38534.6320294;0.09821588527
156;False;3079.0;0.0;0.00418261946821;0.00129912309191;40953.5377742;0.121321453093
157;False;3366.0;3.3565574968e-05;0.000494708393887;0.00118835412953;109950.848663;0.00606016635232
158;False;335.0;0.0;0.257854733712;0.00298507462687;950.686439281;0.698304358397
159;False;2363.0;0.0;0.00701763857694;0.000423190859077;16001.0716265;0.120102399335
160;False;54.0;0.0;0.722001026217;0.0185185185185;1688.73400686;0.698304358397
161;False;2336.0;0.0;0.00412944015131;0.000428082191781;24950.5802607;0.0761740410464
162;False;1073.0;0.0;0.0300321994931;0.000931966449208;3303.29635102;0.353776948185
163;False;2349.0;2.89097678127e-05;0.0077796875569;0.00170285227756;14277.9943836;0.0971367713345
164;True;318.0;0.0039481971734;0.370941895171;0.0125786163522;1447.77756213;0.728525392575
165;False;1250.0;0.0;0.0259170894331;0.0016;4021.85618985;0.393048767652
166;False;1857.0;3.16637207487e-05;0.00457370317777;0.00215401184707;18314.1082062;0.0510483327395
167;False;3012.0;1.79585958827e-05;0.00135423307239;0.00132802124834;55622.0887341;0.0339950201805
168;False;1845.0;0.0;0.000801561789021;0.000542005420054;60667.1739951;0.0174628235693
169;False;2907.0;0.000142038082143;0.000777715842198;0.00137598899209;70313.3890308;0.0195954973295
170;False;1185.0;0.0;0.0202129247801;0.00084388185654;3781.38089382;0.504027127983
171;False;1763.0;0.0;0.000995370092377;0.000567214974475;74870.7871242;0.0147773770818
172;False;1635.0;0.0;0.00569850784345;0.000611620795107;8504.4821188;0.0911378102979
173;False;1345.0;2.14353983474e-05;0.000788329461329;0.00297397769517;61985.6285416;0.0135894215505
174;False;1488.0;0.0;0.00384643664946;0.00134408602151;13183.9767805;0.0332581755096
175;False;1802.0;0.0;0.00439601615149;0.000554938956715;12825.7924634;0.103373334652
176;False;2449.0;0.0;0.00193085785461;0.00163331972234;22171.6146965;0.047395973834
177;False;296.0;0.0;0.267302357101;0.0135135135135;392.394285657;0.700788214195
178;False;3032.0;0.0;0.000276522775295;0.00131926121372;59919.1058485;0.00297053464994
179;False;2859.0;0.0;0.00114693543935;0.00139909059112;47545.3816394;0.00867154389848
180;True;2012.0;0.00197983338973;0.329194858156;0.00198807157058;25201.7002862;0.74587601691
181;True;3977.0;0.00462519099568;0.0180014974571;0.00100578325371;166257.985357;0.10595931851
182;False;1192.0;0.00281341604069;0.49110350295;0.00335570469799;5475.27551403;1.03911803079
183;False;3366.0;0.00445299797202;0.00925098333423;0.00118835412953;109950.848663;0.0484314542639
184;False;2386.0;0.00209686914362;0.0271847290684;0.00167644593462;31169.8003983;0.218379889015
185;False;3012.0;0.0101288520356;0.0261626328664;0.00132802124834;55622.0887341;0.304465887161
186;True;1248.0;0.00436410391335;0.17557402616;0.00320512820513;4625.29996205;1.45462936477
187;False;2674.0;0.000984079988103;0.0406970414623;0.00149588631264;35473.8848963;0.439687238022
188;False;3032.0;0.00578614991069;0.00615093855389;0.00131926121372;59919.1058485;0.028896820795
189;False;2490.0;0.00235862817471;0.0253713528856;0.00160642570281;48876.2127973;0.17767301411
190;False;2907.0;0.00101128281556;0.0131864415356;0.00137598899209;70313.3890308;0.130220924533
191;False;1788.0;0.0;0.0340253318519;0.00223713646532;48594.8182608;0.107899554487
192;False;2818.0;0.00118075449225;0.0248190127155;0.0014194464159;38534.6320294;0.304315830121
193;False;598.0;0.0;0.161081328402;0.0066889632107;3053.5669776;1.42751923891
194;False;1334.0;0.0;0.101720324114;0.00299850074963;8460.47364479;0.655655078383
195;False;763.0;0.0;0.0524215030738;0.00524246395806;8439.39194931;0.320838530475
196;True;2315.0;0.00626468960223;0.0415600027804;0.00172786177106;14425.7384714;0.489718794013
197;True;2449.0;0.00527996361637;0.0333317611835;0.00163331972234;22171.6146965;0.333433003321
198;False;1011.0;0.000920428109638;0.0306392125609;0.00395647873393;36582.0020574;0.138114896259
199;False;1344.0;0.000712339473336;0.0415520948472;0.00297619047619;11078.6409159;0.28050100553
200;False;1300.0;0.00286135124501;0.0405668074906;0.00307692307692;13533.4312059;0.197056483601
201;False;708.0;0.0;0.0385023440114;0.00564971751412;11121.0812942;0.108165303029
202;False;692.0;0.0;0.0385409096104;0.00578034682081;11090.2013342;0.107780128556
203;False;2233.0;0.00535742270208;0.0196204133461;0.00179131213614;21907.5765159;0.163594586549
204;False;1138.0;0.0;0.0570806239368;0.00351493848858;6257.1225016;0.44567296338
205;False;699.0;9.80997266819e-05;0.0398608992529;0.00572246065808;30145.0874241;0.0935996053473
206;False;1161.0;0.0;0.0833714287138;0.00344530577089;8449.56107845;0.168366227581
207;False;718.0;5.51695182351e-05;0.0537919760188;0.00557103064067;10504.5954473;0.435020084927
208;True;1770.0;0.006259844497;0.0434854233133;0.00225988700565;9786.9706571;0.384301972544
209;False;1195.0;0.0;0.0392764050763;0.00334728033473;11377.5233301;0.347962292499
210;True;1788.0;0.0423359852451;0.197216324355;0.00447427293065;48594.8182608;1.38688677708
211;True;3977.0;0.00352015411634;0.0135514714765;0.00201156650742;166257.985357;0.151822061652
212;True;623.0;0.0175417370769;0.119622715465;0.0128410914928;16575.1462224;1.12269849723
213;True;692.0;0.0255547737389;0.0708392815365;0.0115606936416;18960.0500255;0.332413523873
214;True;630.0;0.0371077345798;0.0860075951161;0.0126984126984;8110.53924106;0.847767176224
215;False;231.0;0.0435521513464;0.282163829934;0.034632034632;4454.708824;2.3950105199
216;True;2012.0;0.0299962882305;0.0357865282286;0.00397614314115;25201.7002862;0.189101808447
217;False;2859.0;0.0139990275416;0.0276322902208;0.00279818118223;47545.3816394;0.170395270006
218;False;547.0;0.0263194885438;0.241002159861;0.0146252285192;7283.57467444;0.857631240047
219;True;363.0;0.0229068347973;0.0991439852013;0.0220385674931;6811.34136722;1.03691569556
220;False;1105.0;0.193721713067;0.181581430724;0.00723981900452;5033.85171543;1.80605578176
221;False;718.0;0.0455423459228;0.0784949093826;0.0111420612813;10504.5954473;1.10295726458
222;False;1361.0;0.029092811974;0.0553863833652;0.00587803085966;9191.31561515;0.856244320482
223;False;574.0;0.0336394175307;0.0822326802668;0.01393728223;5479.15505533;0.887162441272
224;False;480.0;0.00390645730155;0.0372190043689;0.0166666666667;13572.0111963;0.149830986149
225;False;339.0;0.0277488916689;0.227277414881;0.023598820059;3252.94760406;0.452239988186
226;True;241.0;0.0176209180008;0.114217867169;0.0331950207469;5719.37262813;0.482400206835
227;False;404.0;0.0;0.0302187739031;0.019801980198;13851.3446111;0.094396075266
228;True;752.0;0.0379938551093;0.0524708253175;0.0106382978723;7220.75688623;0.429706029704
229;False;800.0;0.0134423001029;0.0709425002382;0.01;4800.8182936;0.635755648025
230;False;283.0;0.0;0.0292423415145;0.0282685512367;12956.9354545;0.0868246644982
231;False;366.0;0.310323712037;0.375443975906;0.0218579234973;2066.74887763;1.61300889364
232;False;238.0;0.444861217831;0.414350730039;0.0336134453782;1731.89191911;1.81122351972
233;False;440.0;0.0301346296382;0.0620910603667;0.0181818181818;4567.35917493;0.621346731664
234;False;879.0;0.0394357780849;0.0459397859837;0.00910125142207;6827.70688085;0.508992582005
235;False;461.0;0.0213247192256;0.0759646288697;0.0173535791757;3988.11410066;0.415918207667
236;False;254.0;0.0404697260495;0.0981218139575;0.0314960629921;2821.91678922;0.583573613964
237;False;641.0;0.198181372248;0.156900077796;0.01248049922;3059.58006706;1.18823114078
238;False;1141.0;0.00963076364356;0.0447026602725;0.00701139351446;6389.82841905;0.396307076829
239;False;1344.0;0.0064107559354;0.0191503619434;0.00595238095238;11078.6409159;0.232153642709
240;False;3977.0;0.00285426175931;0.0123824365566;0.000754337440282;166257.985357;0.144950178449
241;True;2407.0;0.0102096876588;0.0504574588702;0.00124636476942;25036.6274;0.93795955237
242;False;3366.0;0.0023781251644;0.00627613177898;0.000891265597148;109950.848663;0.0657852834253
243;False;3012.0;0.00407430299267;0.0179107569396;0.000996015936255;55622.0887341;0.405573252674
244;False;3032.0;0.00288194771342;0.00497121900498;0.00098944591029;59919.1058485;0.0456993855378
245;False;2490.0;0.00187175867132;0.0172076038138;0.00120481927711;48876.2127973;0.218856234256
246;False;2907.0;0.00152212366817;0.00651163458621;0.00103199174407;70313.3890308;0.146143928956
247;True;1283.0;0.0306516334344;0.0534540830792;0.00233826968044;7329.2378761;1.01497850587
248;False;1195.0;0.00471393084862;0.0358554772825;0.00251046025105;11377.5233301;0.541478124666
249;False;3079.0;0.00155929181895;0.00904872006329;0.000974342318935;40953.5377742;0.292044675103
250;False;1131.0;0.0140494626198;0.0303341719759;0.0026525198939;6130.3987913;0.420982330014
251;False;1422.0;0.0314650323127;0.0384608111143;0.00210970464135;7198.2574154;0.655753103687
252;False;1222.0;0.00251083835161;0.0194238376468;0.00245499181669;17666.3053325;0.16557972377
253;False;2859.0;0.000810438287786;0.0070005064268;0.00104931794334;47545.3816394;0.0492695072531
254;False;880.0;0.00199565615604;0.0228514771476;0.00340909090909;16650.0213556;0.163323541909
255;False;2386.0;0.00108526557774;0.00512766429489;0.00125733445096;31169.8003983;0.086386751517
256;False;1845.0;0.000637837400104;0.00332043480625;0.00162601626016;60667.1739951;0.0652563005094
257;True;2315.0;0.00565644201746;0.0131374035713;0.00129589632829;14425.7384714;0.328197540367
258;False;1391.0;0.00210126693349;0.00937264299456;0.00215672178289;24610.1094012;0.150849656152
259;False;2674.0;0.000861878595057;0.00584738594767;0.00112191473448;35473.8848963;0.173113222936
260;False;1802.0;0.00106249464732;0.0157221766376;0.00166481687014;12825.7924634;0.404484357354
261;False;2449.0;0.00143725150905;0.00669888911852;0.00122498979175;22171.6146965;0.180828200577
262;False;2818.0;0.00106295874504;0.00459341054181;0.00106458481192;38534.6320294;0.141132917693
263;False;2664.0;0.00111571775296;0.00576634641599;0.00112612612613;40201.7441473;0.123425377673
264;True;1857.0;0.00205236628754;0.00888571069147;0.0016155088853;18314.1082062;0.111427622047
265;False;1281.0;0.00169399730822;0.0162587973212;0.00234192037471;13503.5895117;0.164660785892
266;False;1825.0;0.00127516709591;0.00355524298695;0.00164383561644;23983.7410699;0.0377737548973
267;False;392.0;0.0135282274427;0.0515458614673;0.00765306122449;1755.14355956;0.695388254819
268;False;449.0;0.00541206367678;0.0392288993394;0.00668151447661;3071.71813368;0.387157201804
269;False;1011.0;0.000242471643479;0.00753116621232;0.00296735905045;36582.0020574;0.0523229794427
270;True;3366.0;0.0056885956927;0.441666703477;0.0017825311943;109950.848663;0.271364476779
271;False;3032.0;0.00835069339321;0.395534877335;0.00197889182058;59919.1058485;0.213725133091
272;False;2907.0;0.000744577735251;0.266064836262;0.00206398348813;70313.3890308;0.324123274644
273;False;1845.0;0.0;0.234986404892;0.00108401084011;60667.1739951;0.247656240918
274;False;2386.0;0.00298399357519;0.317486416368;0.00251466890193;31169.8003983;0.296875576612
275;False;3012.0;0.00474151215688;0.264454390746;0.00199203187251;55622.0887341;0.37546405435
276;False;1518.0;0.0;0.664316026369;0.00395256916996;10274.6955148;0.356518779984
277;True;508.0;0.261157083472;0.705112163617;0.011811023622;5191.43598464;1.57089113492
278;False;2233.0;0.0;0.404284113713;0.00268696820421;21907.5765159;0.346170060521
279;True;2859.0;0.012401164334;0.236456358597;0.00209863588667;47545.3816394;0.116817469991
280;False;1788.0;9.93060655872e-05;0.365070970928;0.00335570469799;48594.8182608;0.151526531624
281;False;1345.0;1.47745462229e-05;0.171266327506;0.00297397769517;61985.6285416;0.142610994225
282;False;1300.0;5.04356380282e-05;0.624820214355;0.00461538461538;13533.4312059;0.349310756521
283;True;894.0;0.0692522397867;0.593321251534;0.00671140939597;7892.65023793;0.423214535855
284;False;862.0;0.162481467472;0.606944042946;0.00696055684455;5182.36814726;0.542121060691
285;True;835.0;0.1632862762;0.609765863709;0.00718562874251;5134.32856949;0.538886896247
286;True;708.0;0.00402241683128;0.576716215598;0.00847457627119;11121.0812942;0.18019121501
287;True;692.0;0.00399759978564;0.577884715526;0.00867052023121;11090.2013342;0.179652413609
288;False;2674.0;0.00970119614819;0.253532541733;0.00224382946896;35473.8848963;0.407464648524
289;True;757.0;0.088528401614;0.603291944663;0.00792602377807;6205.71184085;0.369384114133
290;False;2818.0;8.13252419429e-06;0.215749691635;0.00212916962385;38534.6320294;0.334400248894
291;False;1763.0;2.35231237679e-05;0.152691285556;0.00340328984685;74870.7871242;0.110102987411
292;True;686.0;0.0621047262838;0.565987176863;0.00874635568513;6425.76558338;0.505588204178
293;False;630.0;0.0;0.629037393877;0.00634920634921;8110.53924106;0.345855056189
294;False;2407.0;0.00227757728469;0.294493580305;0.00249272953885;25036.6274;0.326970992177
295;False;763.0;0.0;0.588582387188;0.00786369593709;8439.39194931;0.355928436413
296;True;1179.0;0.0;0.605378117031;0.00508905852417;8570.32102156;0.355997462307
297;False;2012.0;0.0241040799075;0.18768677635;0.00298210735586;25201.7002862;0.0791703246996
298;False;1344.0;0.0;0.481180694327;0.00372023809524;11078.6409159;0.351185382726
299;False;2336.0;2.01563514821e-05;0.387136305533;0.0021404109589;24950.5802607;0.347932165581
300;False;2386.0;0.00277687253305;0.0863912547837;0.000419111483655;31169.8003983;0.479815554703
301;False;3366.0;0.00150726054121;0.0218424584344;0.000297088532383;109950.848663;0.0809898080965
302;False;3977.0;0.00068415345244;0.0259467319008;0.000251445813427;166257.985357;0.104458556603
303;True;3032.0;0.00227785786382;0.017053988288;0.00032981530343;59919.1058485;0.0555496576028
304;False;3079.0;0.000912368385404;0.0645471972586;0.000324780772978;40953.5377742;0.569370134865
305;True;2449.0;0.00139714059246;0.0714307589855;0.000408329930584;22171.6146965;0.531112756106
306;False;1543.0;0.00281425561367;0.155730411699;0.000648088139987;6695.26416753;0.728946667383
307;False;2907.0;0.000161575048006;0.021584290537;0.000343997248022;70313.3890308;0.163760439407
308;False;2233.0;0.0;0.0543984811097;0.000447828034035;21907.5765159;0.293197312701
309;False;2818.0;0.000457954702563;0.0350544359821;0.000354861603974;38534.6320294;0.337071870889
310;False;879.0;0.0;0.155180392034;0.00113765642776;6827.70688085;0.68604474663
311;False;2490.0;0.000175962548356;0.0420813763771;0.000401606425703;48876.2127973;0.176064340076
312;False;2859.0;0.00114830234119;0.0333109016072;0.000349772647779;47545.3816394;0.0753921895898
313;False;1360.0;0.00117455650029;0.0898917059312;0.000735294117647;15905.709365;0.27717231733
314;True;2407.0;0.00013492682977;0.0425505819737;0.000415454923141;25036.6274;0.285279625925
315;False;2664.0;0.000177228676091;0.0504752772232;0.000375375375375;40201.7441473;0.280047225161
316;True;1195.0;0.0;0.0799124838384;0.000836820083682;11377.5233301;0.475440268523
317;False;1344.0;0.0;0.0642661405921;0.000744047619048;11078.6409159;0.291115136053
318;False;2674.0;0.000301252978535;0.0320290666282;0.00037397157816;35473.8848963;0.276539314777
319;False;2315.0;0.0;0.0550443336953;0.000431965442765;14425.7384714;0.41698849819
320;False;591.0;0.000321434386952;0.166224276799;0.00169204737733;3607.62444052;0.449215115914
321;True;1131.0;0.0;0.0712366549717;0.000884173297966;6130.3987913;0.374315312117
322;False;1825.0;0.00220266016808;0.0177401238856;0.000547945205479;23983.7410699;0.0722309758579
323;False;2336.0;0.000311767834218;0.0382088421426;0.000428082191781;24950.5802607;0.215078246255
324;False;1845.0;5.94226939468e-05;0.00986946811213;0.000542005420054;60667.1739951;0.0656127134194
325;False;1974.0;0.0;0.0602529385986;0.000506585612969;12217.4112574;0.410209454866
326;False;1770.0;0.000201258082815;0.0513516211787;0.000564971751412;9786.9706571;0.271270614593
327;False;1802.0;0.0;0.0466941460488;0.000554938956715;12825.7924634;0.335064544029
328;False;1783.0;0.000219794516785;0.0566449488491;0.000560852495794;16179.5227105;0.0828030840945
329;False;1540.0;0.00510884288021;0.101125877701;0.000649350649351;4687.64693069;0.728946667383
330;True;1011.0;0.0159752640691;0.544937905653;0.0168150346192;36582.0020574;1.42337455668
331;False;2907.0;0.00046163455117;0.518941152307;0.00584795321637;70313.3890308;0.921674095559
332;True;1845.0;0.000744922474187;0.493940373292;0.00921409214092;60667.1739951;0.781743120052
333;False;2386.0;0.0;0.702323058632;0.00712489522213;31169.8003983;0.896695034935
334;False;3012.0;0.00184598408946;0.565528106526;0.00564409030544;55622.0887341;1.2665793131
335;True;1391.0;0.00724018938068;0.466598011161;0.0122214234364;24610.1094012;1.34993752573
336;True;2233.0;0.00585858492375;0.72172364082;0.00761307657859;21907.5765159;1.13598275745
337;False;1345.0;0.0;0.369327281893;0.0126394052045;61985.6285416;0.428589099274
338;False;2818.0;0.00180762387774;0.457653968057;0.00603264726757;38534.6320294;1.21648144168
339;False;1763.0;6.83050400514e-07;0.345570689603;0.00794100964265;74870.7871242;0.372366134202
340;False;1825.0;0.0;0.452964793765;0.00931506849315;23983.7410699;0.3965665101
341;False;880.0;0.0252874050636;0.477536082696;0.0193181818182;16650.0213556;0.909475024917
342;False;3079.0;0.000721284148676;0.485409446888;0.00552127314063;40953.5377742;1.25235755072
343;True;671.0;0.403545333253;0.493479830791;0.0253353204173;4455.59055057;1.98782739458
344;False;2859.0;0.000791264519185;0.40482710951;0.00594613501224;47545.3816394;0.233945375306
345;False;1222.0;0.00653369292241;0.464177614258;0.0139116202946;17666.3053325;0.698336359047
346;False;2449.0;0.000283848418851;0.560107819383;0.00694160881993;22171.6146965;0.989624148384
347;False;1281.0;0.0133271482698;0.554329242797;0.0132708821233;13503.5895117;1.20938596647
348;False;1518.0;0.0;0.851748155686;0.0105401844532;10274.6955148;0.48148566044
349;False;2012.0;0.00106844127269;0.352987208435;0.00844930417495;25201.7002862;0.177427342359
350;False;2664.0;3.17837367363e-05;0.409397888621;0.00638138138138;40201.7441473;0.670143291486
351;False;1788.0;0.000656553912426;0.435136692004;0.00950782997763;48594.8182608;0.212641971627
352;True;1030.0;0.0;0.570367956633;0.0165048543689;6401.04091018;0.937062549667
353;False;1974.0;0.0;0.583666250153;0.00861195542047;12217.4112574;1.35614993553
354;False;493.0;0.0;0.326686806434;0.0182555780933;25246.1712243;0.28273379764
355;False;2336.0;0.000170857294768;0.545761048881;0.00727739726027;24950.5802607;0.673788252558
356;True;519.0;0.000109773700583;0.409312566175;0.0308285163776;9099.58039514;0.801048813598
357;True;2315.0;0.00131142533121;0.487153011021;0.007343412527;14425.7384714;0.989259875775
358;False;1300.0;0.00226824062175;0.759463747008;0.0130769230769;13533.4312059;0.447838081928
359;False;708.0;0.000184557105333;0.747857247427;0.0197740112994;11121.0812942;0.244441074679
360;False;3366.0;0.00237415781496;0.0499253844228;0.00148544266191;109950.848663;0.182432689447
361;False;3977.0;0.0124400935307;0.0475259100028;0.00125722906714;166257.985357;0.233608048446
362;False;1825.0;1.01452961185e-05;0.195756717157;0.0027397260274;23983.7410699;0.706821126441
363;False;1345.0;0.00282740048052;0.123047221764;0.00371747211896;61985.6285416;0.576715289489
364;False;1763.0;0.00153433424757;0.134454011644;0.00283607487238;74870.7871242;0.548469007554
365;False;2907.0;0.00230631522318;0.0736198994602;0.00171998624011;70313.3890308;0.536803290853
366;False;493.0;0.0;0.152977108536;0.0101419878296;25246.1712243;0.586999243136
367;True;2336.0;0.290025160139;0.0738534567912;0.0021404109589;24950.5802607;1.30175097992
368;False;1391.0;0.0;0.149866705444;0.00359453630482;24610.1094012;0.891493942987
369;False;2490.0;0.000931391838982;0.0822485906997;0.00200803212851;48876.2127973;0.552988329885
370;False;880.0;0.0;0.133053820109;0.00568181818182;16650.0213556;0.808974461106
371;True;501.0;0.00365902389079;0.308328162535;0.00998003992016;5389.36886334;0.643918439145
372;False;2818.0;0.0112355948653;0.0621669066314;0.00177430801987;38534.6320294;0.628563083621
373;False;1011.0;2.27455894333e-05;0.096878995287;0.00494559841741;36582.0020574;0.347104362228
374;True;2407.0;1.70578191569e-05;0.0577907657041;0.0020772746157;25036.6274;0.576468565579
375;False;3079.0;0.0239147979417;0.0347688011193;0.00162390386489;40953.5377742;0.663225715652
376;False;3012.0;0.00247369714395;0.0250375337054;0.00166002656042;55622.0887341;0.33653230135
377;False;2233.0;0.0006222179447;0.0307965494112;0.00223914017017;21907.5765159;0.34352551108
378;True;282.0;0.911795131357;0.176823613713;0.0177304964539;3509.29344847;0.520985643047
379;False;3032.0;0.00158119219407;0.00735565919501;0.00164907651715;59919.1058485;0.034330807746
380;True;636.0;0.660677915847;0.123632184524;0.00786163522013;3853.7676826;0.733130841237
381;False;1283.0;0.0;0.0535884412553;0.00389711613406;7329.2378761;0.983906520714
382;False;1488.0;0.0117195042459;0.0820762879857;0.00336021505376;13183.9767805;0.214578107667
383;False;2363.0;0.0484262545581;0.0497685039934;0.00211595429539;16001.0716265;0.43804500012
384;False;665.0;8.16913468297e-05;0.106373068409;0.00751879699248;6641.52925046;0.550508390019
385;True;2315.0;0.0168071786035;0.0312404597692;0.00215982721382;14425.7384714;0.449032409669
386;False;2664.0;0.00311310550638;0.0213869311818;0.00187687687688;40201.7441473;0.230619059595
387;False;1504.0;0.0277986608351;0.0787287781947;0.00332446808511;6675.89657871;1.1265071353
388;False;1543.0;0.0;0.0704066795058;0.00324044069994;6695.26416753;0.36168381309
389;False;788.0;0.0;0.0805426138617;0.00634517766497;3447.54727265;0.7762305378
390;False;3366.0;0.00745536733448;0.441823452983;0.00118835412953;109950.848663;0.563836404839
391;False;3032.0;0.00988065240288;0.395551248537;0.00131926121372;59919.1058485;0.441407005975
392;False;2907.0;0.00252138707478;0.266345167752;0.00137598899209;70313.3890308;0.690185929435
393;False;1845.0;0.0;0.235262261841;0.00216802168022;60667.1739951;0.530897898955
394;False;2386.0;0.00575881073749;0.318241224164;0.00167644593462;31169.8003983;0.63063457995
395;False;3012.0;0.00792085918594;0.265541645532;0.00132802124834;55622.0887341;0.771564814565
396;False;1518.0;0.0247833793879;0.665392719011;0.00263504611331;10274.6955148;0.763785628409
397;False;2233.0;0.00384634526815;0.404623423763;0.00179131213614;21907.5765159;0.739378133921
398;False;1788.0;0.000911449910276;0.365557061521;0.00223713646532;48594.8182608;0.326454661422
399;False;1300.0;0.00312115360365;0.626410964927;0.00307692307692;13533.4312059;0.772183338876
400;False;1345.0;0.0;0.17146941118;0.00223048327138;61985.6285416;0.305628074112
401;False;708.0;0.00332651364713;0.577984918575;0.00564971751412;11121.0812942;0.386711837204
402;False;692.0;0.00333258837681;0.579149251738;0.00578034682081;11090.2013342;0.385606490068
403;True;2859.0;0.0109175575617;0.236097439025;0.00139909059112;47545.3816394;0.207016889304
404;True;2674.0;0.00191292645437;0.25488677146;0.00149588631264;35473.8848963;0.852507654791
405;False;2818.0;0.00193818050215;0.21627165387;0.0014194464159;38534.6320294;0.723578622453
406;False;1763.0;0.000161573568666;0.152784126926;0.00170164492343;74870.7871242;0.233726465751
407;True;630.0;0.0;0.629104094203;0.00634920634921;8110.53924106;0.730714235075
408;False;1179.0;0.00644795763791;0.607524064124;0.00339270568278;8570.32102156;0.78915609744
409;False;2407.0;0.00204928117106;0.29485544009;0.00166181969256;25036.6274;0.684011858357
410;False;355.0;3.52898560228e-05;0.766443380362;0.00845070422535;12533.8121229;0.610867577642
411;False;763.0;0.00520946548906;0.589760129395;0.00524246395806;8439.39194931;0.767073571928
412;False;1344.0;0.00305972810262;0.481912868733;0.00297619047619;11078.6409159;0.755166167192
413;False;894.0;0.00758571048998;0.589344426844;0.00447427293065;7892.65023793;0.686291937515
414;False;2336.0;0.000990806008897;0.387636743656;0.00171232876712;24950.5802607;0.747999438577
415;False;3079.0;0.00717063443499;0.224679834146;0.00129912309191;40953.5377742;0.768879941364
416;True;2449.0;0.00565130375717;0.288289136438;0.00163331972234;22171.6146965;0.760574964972
417;False;2490.0;0.000772755072857;0.194534302234;0.00160642570281;48876.2127973;0.319886540416
418;False;1194.0;0.000837449501163;0.452253275093;0.00335008375209;14188.7784285;0.405832170298
419;True;686.0;0.00616772819698;0.562017469016;0.00583090379009;6425.76558338;0.812147092809
420;True;1345.0;0.0311075317156;0.186925337031;0.000743494423792;61985.6285416;0.286999986922
421;False;1845.0;0.0128318223697;0.122391525094;0.000542005420054;60667.1739951;0.237994331631
422;True;2907.0;0.013937500821;0.105454168655;0.000343997248022;70313.3890308;0.234021622389
423;True;493.0;0.0195236548779;0.171056047296;0.00202839756592;25246.1712243;0.218522485863
424;True;3366.0;0.0301421068914;0.0313509268418;0.000297088532383;109950.848663;0.0340016704179
425;True;1825.0;0.00629095872012;0.101695806578;0.000547945205479;23983.7410699;0.121113037399
426;True;3977.0;0.010018328755;0.0252480640779;0.000251445813427;166257.985357;0.0297310643304
427;True;197.0;0.0;0.484564253917;0.00507614213198;6319.59902002;0.286999986922
428;False;2818.0;0.077509305947;0.078764209112;0.000354861603974;38534.6320294;0.221528425646
429;True;1857.0;0.0848179519127;0.159886858727;0.000538502961766;18314.1082062;0.158781434935
430;False;568.0;0.270376596427;0.40609063188;0.00176056338028;7757.97976593;0.193369431889
431;True;413.0;0.0266116435045;0.150016048126;0.00242130750605;12588.3077765;0.0948028140309
432;False;2664.0;0.025276975755;0.064156129843;0.000375375375375;40201.7441473;0.104114624088
433;False;672.0;0.840569197626;0.27329901414;0.0014880952381;15814.7989767;0.23279279404
434;False;540.0;0.311276376296;0.250433943704;0.00185185185185;6843.72253117;0.124427174608
435;False;2674.0;0.0666103804184;0.0378942615549;0.00037397157816;35473.8848963;0.0956989261832
436;True;246.0;0.0148315663444;0.10782767208;0.00406504065041;12043.107632;0.0513704292926
437;False;1437.0;0.313296572095;0.143440900728;0.000695894224078;9604.49985724;0.166005846219
438;False;3032.0;0.016819184258;0.00566295404063;0.00032981530343;59919.1058485;0.00539534822184
439;False;1802.0;0.0594374611415;0.0756465498849;0.000554938956715;12825.7924634;0.158772827417
440;True;2490.0;0.00495139489838;0.02786466179;0.000401606425703;48876.2127973;0.0341001477007
441;True;2407.0;0.00493803220602;0.030536931409;0.000415454923141;25036.6274;0.0598841186735
442;False;1391.0;0.00603493154096;0.0302603810976;0.000718907260963;24610.1094012;0.0475829875508
443;False;2859.0;0.0166766066214;0.0201898507375;0.000349772647779;47545.3816394;0.0133657734005
444;False;2012.0;0.0304409827146;0.0236379508077;0.000497017892644;25201.7002862;0.0131599715626
445;True;1018.0;0.15620811308;0.148691180818;0.00098231827112;3863.48341953;0.101100832432
446;True;449.0;0.384320161423;0.244066338225;0.0022271714922;3968.87721145;0.0620530076407
447;False;2363.0;0.0391901435172;0.0444995320045;0.000423190859077;16001.0716265;0.0679757387997
448;False;3012.0;0.0109532221868;0.0121029900606;0.000332005312085;55622.0887341;0.0267451080968
449;True;541.0;0.355492395773;0.157363205305;0.00184842883549;2854.19633509;0.286999986922
450;True;1011.0;0.0476688693184;0.296031358966;0.00791295746785;36582.0020574;1.07887549684
451;False;1391.0;0.0597811338513;0.128169046935;0.00575125808771;24610.1094012;0.984327770439
452;False;880.0;0.0562166740122;0.219906612064;0.00909090909091;16650.0213556;0.767531851999
453;True;519.0;0.140627080076;0.305190811636;0.0154142581888;9099.58039514;1.14076157189
454;False;3977.0;0.00287607003165;0.0130727531225;0.00201156650742;166257.985357;0.0793065737572
455;True;612.0;0.33576187279;0.29807762501;0.0130718954248;4174.02683421;1.55764373856
456;False;1222.0;0.0353389501419;0.148204062193;0.00654664484452;17666.3053325;0.602791105294
457;False;3366.0;0.00182789944152;0.00784026134365;0.00237670825906;109950.848663;0.0418703166634
458;True;2407.0;0.0063190910188;0.0576935489837;0.00332363938513;25036.6274;0.499292342017
459;True;1030.0;0.0;0.272430333362;0.00776699029126;6401.04091018;0.715894323251
460;False;3012.0;0.00363529251711;0.0285148992357;0.00265604249668;55622.0887341;0.317582996402
461;True;912.0;0.0263775252013;0.150041032713;0.00877192982456;10939.3212966;0.87756950722
462;True;1845.0;0.000798722799387;0.0188149252485;0.00433604336043;60667.1739951;0.14844445659
463;True;385.0;0.364185622637;0.297075773979;0.0207792207792;1900.61289306;1.60072509018
464;False;3032.0;0.0027468213534;0.00578944381381;0.00263852242744;59919.1058485;0.0280497035222
465;False;2233.0;0.00398130524852;0.0324305390419;0.00358262427228;21907.5765159;0.246582082821
466;True;795.0;0.00462821878345;0.211681493319;0.0100628930818;6577.92911072;0.581965111945
467;False;2907.0;0.00110627813288;0.0120536516673;0.00275197798418;70313.3890308;0.111586682369
468;False;403.0;0.0;0.5432371413;0.00992555831266;2874.87329934;0.706778865503
469;False;1770.0;0.0845641033841;0.0504848327468;0.0045197740113;9786.9706571;0.520914712466
470;False;2818.0;0.0038585198889;0.0212378009332;0.0028388928318;38534.6320294;0.254294781228
471;True;287.0;0.77909856818;0.461083457936;0.0278745644599;1681.40190771;1.35254504146
472;False;550.0;0.0847117426648;0.302189419872;0.0145454545455;2804.07086642;0.951848116239
473;False;668.0;0.0;0.200525262209;0.0119760479042;5383.32399326;0.56053541096
474;True;1385.0;0.0278328553973;0.112569599653;0.0057761732852;7569.4810807;0.733391902921
475;False;339.0;0.0100692963463;0.19329075847;0.023598820059;3850.11690096;0.226996894673
476;False;449.0;0.0;0.0761281091882;0.011135857461;3071.71813368;0.800946133283
477;False;693.0;0.00927072119101;0.20154243891;0.011544011544;4558.93795685;0.399635582024
478;False;2674.0;1.15369400907e-05;0.0187047711699;0.00299177262528;35473.8848963;0.198150746583
479;False;1543.0;0.0124986748092;0.0507072604161;0.0051847051199;6695.26416753;0.333822235386
480;True;3977.0;0.00284071649233;0.00976351128874;0.000502891626854;166257.985357;0.111697290345
481;True;444.0;0.00133896435657;0.199237214377;0.0045045045045;8213.52063091;0.665960236477
482;False;3079.0;0.00801113148176;0.0342089846792;0.000649561545956;40953.5377742;0.738350356251
483;False;3366.0;0.0041010655417;0.00504191295194;0.000594177064765;109950.848663;0.0470567808857
484;False;2386.0;0.0135940290833;0.0159796906086;0.000838222967309;31169.8003983;0.21923367822
485;False;3012.0;0.0287491140445;0.0170905198449;0.00066401062417;55622.0887341;0.324955444512
486;False;1788.0;0.000582193527344;0.0169984035743;0.00111856823266;48594.8182608;0.153809462651
487;False;3032.0;0.00605502558218;0.00372951242013;0.00065963060686;59919.1058485;0.030297316033
488;False;2859.0;0.00797143364965;0.0138678657056;0.000699545295558;47545.3816394;0.0859608247838
489;True;800.0;0.0407946456988;0.0564027908315;0.0025;4800.8182936;0.709407715293
490;False;2336.0;0.00376980483776;0.0256377170268;0.000856164383562;24950.5802607;0.351749411931
491;False;692.0;0.0;0.0175018142533;0.0028901734104;18960.0500255;0.0911194725315
492;False;2674.0;0.00139716628391;0.0119263575809;0.00074794315632;35473.8848963;0.253700497965
493;False;2012.0;0.002155111253;0.0115342030613;0.000994035785288;25201.7002862;0.0592208203287
494;True;1344.0;0.019931613294;0.01937444466;0.0014880952381;11078.6409159;0.247331143403
495;True;1361.0;2.4011345967e-05;0.0226604515181;0.00146950771492;9191.31561515;0.364601615097
496;True;699.0;0.000655445428162;0.0117327467144;0.00286123032904;30145.0874241;0.0824902904947
497;True;366.0;0.00138348847247;0.017264963762;0.00546448087432;13834.5716598;0.0764452082314
498;False;640.0;1.51950138736e-05;0.0156258362842;0.003125;15239.6818014;0.0900018777815
499;False;440.0;0.0;0.0290062348082;0.00454545454545;4567.35917493;0.383317034781
500;False;2907.0;0.000802211406001;0.0030174703656;0.000687994496044;70313.3890308;0.0595873368801
501;False;574.0;0.0;0.02441232273;0.00348432055749;5479.15505533;0.300850534622
502;False;2818.0;0.00367983630766;0.00581359029423;0.000709723207949;38534.6320294;0.137209546134
503;False;623.0;0.0;0.010945706607;0.00321027287319;16575.1462224;0.124480523982
504;False;2664.0;0.00109490030818;0.00981482493478;0.000750750750751;40201.7441473;0.132484926579
505;False;752.0;0.0;0.0207640352462;0.00265957446809;7220.75688623;0.180241846492
506;False;2363.0;0.00224064325323;0.0159971705338;0.000846381718155;16001.0716265;0.202660079562
507;False;480.0;0.000272575443005;0.0128090739514;0.00416666666667;13572.0111963;0.0421993845606
508;False;281.0;0.0;0.0238069154305;0.00711743772242;4344.59366054;0.281256161253
509;False;718.0;0.00589664918693;0.014015077832;0.00278551532033;10504.5954473;0.235820519251
510;True;443.0;0.0;0.0390909012407;0.00677200902935;1237.71543953;0.438009585406
511;False;912.0;0.000921854811018;0.00262010703999;0.00328947368421;10939.3212966;0.0983769768206
512;False;3977.0;0.00149028808794;0.000112288295016;0.000754337440282;166257.985357;0.00533429911547
513;False;880.0;0.000616776040261;0.00171323531445;0.00340909090909;16650.0213556;0.0409833355029
514;False;2490.0;0.00269752072321;0.000613568244886;0.00120481927711;48876.2127973;0.0263443542463
515;False;411.0;0.0;0.0312026079206;0.00486618004866;1237.3417335;0.44035786924
516;False;3012.0;0.00094142878067;0.000323120665796;0.000996015936255;55622.0887341;0.0277467223219
517;True;218.0;0.0814753284771;0.0100845759942;0.0137614678899;818.976623715;0.69834091959
518;True;260.0;0.0;0.0723076975887;0.00769230769231;549.114370987;0.435888448182
519;False;543.0;0.0;0.0151745471046;0.0036832412523;1804.93288919;0.379570242713
520;False;476.0;0.00292538702703;0.007669989616;0.0063025210084;2697.79575555;0.167261495495
521;False;1222.0;0.00138858880636;0.000941149999642;0.00245499181669;17666.3053325;0.0264483560596
522;False;3366.0;0.00148238041596;5.91739444392e-05;0.000891265597148;109950.848663;0.00251663214389
523;False;2233.0;0.00953792133914;0.000336858521075;0.0013434841021;21907.5765159;0.0204432179468
524;False;1011.0;0.000434214337506;0.000613705324605;0.00296735905045;36582.0020574;0.0151073782988
525;False;2859.0;0.000826612740917;0.000232312347622;0.00104931794334;47545.3816394;0.00641255151515
526;False;1283.0;0.00581563325122;0.00103766706127;0.00233826968044;7329.2378761;0.0687398244627
527;False;3032.0;0.00183988027151;4.54170142994e-05;0.00098944591029;59919.1058485;0.00168712445067
528;False;501.0;0.0;0.00770155863226;0.00399201596806;880.30711424;0.296328338114
529;True;242.0;0.0;0.0509353710818;0.0123966942149;377.389461565;0.280816822988
530;False;1391.0;0.000713231662876;0.000292099386392;0.00215672178289;24610.1094012;0.0160079661248
531;False;1281.0;0.00248368394008;0.000553920438382;0.00234192037471;13503.5895117;0.0232121050105
532;False;551.0;0.0;0.00193191195606;0.005444646098;3129.96865552;0.046680018868
533;False;1845.0;0.0;7.40768989329e-05;0.00108401084011;60667.1739951;0.00508734560491
534;False;343.0;0.0;0.00841230588525;0.00874635568513;910.893607825;0.137321809661
535;False;286.0;0.0;0.0209750761596;0.0104895104895;459.768476526;0.234001714324
536;False;578.0;0.0;0.00304065803633;0.00346020761246;2036.64119064;0.0771614569857
537;False;1974.0;0.00474910189428;0.000423796906965;0.00151975683891;12217.4112574;0.0292422793114
538;True;508.0;0.0555184696111;0.00294379157227;0.00590551181102;780.749415851;0.230207672627
539;False;2407.0;0.00556019984334;0.000164583550549;0.00124636476942;25036.6274;0.0123334360513
540;False;1437.0;0.313296572095;0.0523820842573;0.000695894224078;9604.49985724;0.728946667383
541;False;1763.0;0.108765327931;0.00517051998925;0.000567214974475;74870.7871242;0.0823848579213
542;False;3366.0;0.0301421068914;0.000514516114396;0.000297088532383;109950.848663;0.00670982897691
543;False;2818.0;0.077509305947;0.00229781034407;0.000354861603974;38534.6320294;0.0777100745446
544;True;2664.0;0.025276975755;0.00354915516855;0.000375375375375;40201.7441473;0.0692565997822
545;True;540.0;0.311276376296;0.0158085659853;0.00185185185185;6843.72253117;0.0944445983909
546;False;1857.0;0.0848179519127;0.00525518018569;0.000538502961766;18314.1082062;0.0627533860637
547;False;568.0;0.270376596427;0.0158061147577;0.00176056338028;7757.97976593;0.090500834126
548;False;1345.0;0.0311075317156;0.000938193106591;0.000743494423792;61985.6285416;0.0173208237715
549;False;2674.0;0.0666103804184;0.00168748130401;0.00037397157816;35473.8848963;0.0512430754678
550;False;3977.0;0.010018328755;0.000364846782438;0.000251445813427;166257.985357;0.00516601299505
551;True;449.0;0.384320161423;0.0179104846127;0.0022271714922;3968.87721145;0.0547551393407
552;False;3012.0;0.0109532221868;0.00100305216644;0.000332005312085;55622.0887341;0.0266524907941
553;True;3032.0;0.016819184258;0.000255003213256;0.00032981530343;59919.1058485;0.00292135743085
554;False;873.0;0.142766496358;0.0165723286408;0.00114547537228;3968.25879915;0.128458558531
555;False;2907.0;0.013937500821;0.000543180840985;0.000343997248022;70313.3890308;0.0144943678009
556;True;283.0;0.646442601179;0.0403026087579;0.00353356890459;2093.41199536;0.519796951617
557;False;2859.0;0.0166766066214;0.000761609106968;0.000349772647779;47545.3816394;0.00606255532749
558;True;689.0;0.566306314143;0.00721260655647;0.00145137880987;2686.71549107;0.101055977794
559;False;2012.0;0.0304409827146;0.000835255843834;0.000497017892644;25201.7002862;0.00559148610471
560;False;1802.0;0.0594374611415;0.00208935251874;0.000554938956715;12825.7924634;0.0527304375688
561;True;575.0;0.106980128098;0.00447164556906;0.00173913043478;7081.1838534;0.0770906341535
562;False;2363.0;0.0391901435172;0.00178504914499;0.000423190859077;16001.0716265;0.0327877240328
563;False;1845.0;0.0128318223697;0.000299050006541;0.000542005420054;60667.1739951;0.00699232625908
564;False;3079.0;0.0102404229842;0.000693808324271;0.000324780772978;40953.5377742;0.021524864089
565;True;1018.0;0.15620811308;0.00424226561755;0.00098231827112;3863.48341953;0.0346840640114
566;False;448.0;0.0909869256969;0.00444911093632;0.00223214285714;5438.66303433;0.0516825122675
567;True;541.0;0.355492395773;0.00480444362658;0.00184842883549;2854.19633509;0.105362092368
568;False;2449.0;0.0195039658671;0.000673449689506;0.000408329930584;22171.6146965;0.0176112524365
569;False;2386.0;0.00672507087179;0.000299256149762;0.000419111483655;31169.8003983;0.00584562891502
570;False;179.0;0.0;0.000117631249891;0.00558659217877;782.439479849;0.240812037971
571;True;110.0;0.0166994305335;0.000271038617473;0.00909090909091;201.014216877;0.363216195634
572;True;2336.0;0.000171530039711;4.95697823531e-07;0.000428082191781;24950.5802607;0.0014725542347
573;True;766.0;0.00141799687315;8.79448255456e-06;0.00130548302872;3797.28552344;0.00920712668226
574;True;241.0;0.0;2.25067459182e-05;0.00414937759336;350.372176263;0.0316051011635
575;False;363.0;0.0;1.2498213698e-05;0.00275482093664;1406.21681388;0.00519107062497
576;False;1825.0;4.43094231814e-05;1.2187528728e-07;0.000547945205479;23983.7410699;0.000261881104565
577;True;257.0;0.0;9.71507984898e-06;0.00389105058366;602.129545859;0.0206845603766
578;True;110.0;0.000897267390855;8.41812686046e-05;0.00909090909091;1113.2630294;0.00637713253664
579;False;3977.0;2.86857893549e-05;3.04794000199e-08;0.000251445813427;166257.985357;6.47574065466e-05
580;True;280.0;0.000928959558656;1.55646985737e-05;0.00357142857143;2124.96419249;0.028363474137
581;False;577.0;0.000676258281416;4.08339028824e-06;0.00173310225303;3291.07301752;0.00431900646365
582;False;3079.0;4.31962153301e-05;1.33281004309e-07;0.000324780772978;40953.5377742;0.000620450627843
583;False;243.0;0.0;8.37440650601e-06;0.00411522633745;582.981974757;0.00853823883588
584;False;12.0;0.0;0.00544346113724;0.0833333333333;2.4978221684;0.728946667383
585;False;208.0;0.0;1.24829123501e-05;0.00480769230769;1186.20343569;0.00305257503177
586;False;97.0;0.0;4.09745554267e-05;0.0103092783505;661.734136822;0.00241428284653
587;False;217.0;0.0;1.11320485284e-05;0.00460829493088;617.213784371;0.0069629515664
588;False;3366.0;9.08491954242e-06;1.30961268527e-08;0.000297088532383;109950.848663;2.56267423616e-05
589;True;66.0;0.0;0.000275796288549;0.0151515151515;21.2792954221;0.0682302020185
590;True;24.0;0.0;0.000965673498757;0.0416666666667;27.4584808271;0.0514099228575
591;False;68.0;0.0;0.00017176841023;0.0147058823529;12.9785757638;0.178531300237
592;False;774.0;0.000435770749527;1.11534881205e-06;0.00129198966408;2292.24796481;0.00197728508989
593;True;589.0;0.000663422749823;1.54158845506e-06;0.00169779286927;1254.22168545;0.00598411129387
594;False;3032.0;0.0;1.31040919695e-08;0.00032981530343;59919.1058485;2.25259977342e-05
595;False;2818.0;1.28242292208e-05;5.39348763803e-08;0.000354861603974;38534.6320294;0.000273697539415
596;False;29.0;0.0;0.000487041871399;0.0344827586207;41.0557742941;0.0302398427192
597;False;171.0;0.0;1.51633140889e-05;0.00584795321637;320.560812075;0.00837293176065
598;False;3012.0;0.0;4.17081810517e-08;0.000332005312085;55622.0887341;0.000166292855879
599;True;41.0;0.0326871016609;0.000247353846286;0.0243902439024;52.1801428425;0.0249753858169
600;False;3366.0;0.00117449986096;0.441160707086;0.000594177064765;109950.848663;0.348348900833
601;True;3032.0;0.00137632579942;0.395057130376;0.00065963060686;59919.1058485;0.273533878999
602;False;2907.0;0.000644077125224;0.266012438111;0.000687994496044;70313.3890308;0.429735689824
603;False;1845.0;0.000255502970358;0.234992866239;0.00108401084011;60667.1739951;0.328846362387
604;False;2386.0;0.00191733387301;0.31713528521;0.000838222967309;31169.8003983;0.38752514356
605;True;1518.0;0.00115923222105;0.663885829368;0.00131752305665;10274.6955148;0.462831874311
606;False;2233.0;0.000676010844894;0.404453102644;0.00089565606807;21907.5765159;0.477341330418
607;False;3012.0;0.000704229045607;0.263230855268;0.00066401062417;55622.0887341;0.435885313492
608;False;1788.0;0.000249258444917;0.36505375057;0.00111856823266;48594.8182608;0.200688707912
609;False;1345.0;0.0;0.171264685572;0.00148698884758;61985.6285416;0.188938567029
610;False;1300.0;0.0;0.624803108388;0.00153846153846;13533.4312059;0.465715702917
611;False;708.0;0.0;0.576064710692;0.00282485875706;11121.0812942;0.230134062107
612;False;692.0;0.0;0.577238853158;0.0028901734104;11090.2013342;0.229520512525
613;False;2859.0;0.000790793047058;0.234095160047;0.000699545295558;47545.3816394;0.116813611438
614;False;2818.0;0.00183941027642;0.215736316779;0.000709723207949;38534.6320294;0.448515407782
615;False;1763.0;1.37802200356e-06;0.152695504874;0.00113442994895;74870.7871242;0.147229529739
616;False;2674.0;0.00179112628071;0.252431313477;0.00074794315632;35473.8848963;0.46926625588
617;False;630.0;0.000209706921186;0.629021240082;0.0031746031746;8110.53924106;0.457927257612
618;False;355.0;0.0;0.76638088789;0.0056338028169;12533.8121229;0.383125232091
619;False;2407.0;0.00130320204555;0.294179199732;0.000830909846282;25036.6274;0.421486985683
620;False;763.0;0.0;0.58829009617;0.00262123197903;8439.39194931;0.465794095977
621;False;1344.0;0.000710483081028;0.48105681144;0.0014880952381;11078.6409159;0.462010366638
622;False;1179.0;0.0;0.605086461518;0.00169635284139;8570.32102156;0.464982886082
623;False;2336.0;0.000658359042877;0.387129772914;0.000856164383562;24950.5802607;0.462977260867
624;True;2449.0;0.00234321923786;0.287287503102;0.000816659861168;22171.6146965;0.465983175183
625;False;894.0;0.000615084187591;0.585560429603;0.00223713646532;7892.65023793;0.387267405264
626;True;3079.0;0.00388384265611;0.222747474058;0.000649561545956;40953.5377742;0.449971760375
627;False;1194.0;0.00234701027204;0.452070985341;0.00167504187605;14188.7784285;0.255711529683
628;False;2490.0;0.000323212638602;0.191916062704;0.000803212851406;48876.2127973;0.177756061041
629;False;1825.0;0.0;0.130756936496;0.00109589041096;23983.7410699;0.111910347653
630;False;3366.0;0.00302672545241;0.0304096198518;0.000594177064765;109950.848663;0.0777611065945
631;True;3977.0;0.00203351155063;0.0363413819415;0.000502891626854;166257.985357;0.101380848498
632;True;2386.0;0.0085989715355;0.113308070752;0.000838222967309;31169.8003983;0.4127053603
633;True;2449.0;0.00255223682356;0.143614339068;0.000816659861168;22171.6146965;0.917096700426
634;False;2336.0;0.00268444500593;0.12422935973;0.000856164383562;24950.5802607;0.702256969473
635;True;3032.0;0.00377492432412;0.0225066846649;0.00065963060686;59919.1058485;0.0483423000899
636;False;2674.0;0.000570009827619;0.0777943296837;0.00074794315632;35473.8848963;0.620942864872
637;False;2363.0;0.000255430415158;0.136806691259;0.000846381718155;16001.0716265;0.749665426338
638;False;2818.0;0.00139855483799;0.0580969109323;0.000709723207949;38534.6320294;0.434427486923
639;False;2664.0;0.000238981445648;0.0863900933401;0.000750750750751;40201.7441473;0.379751128252
640;False;2907.0;0.000337002437668;0.0289773922493;0.000687994496044;70313.3890308;0.147140536606
641;False;2315.0;0.000299363122347;0.0866386247115;0.000863930885529;14425.7384714;0.494331691988
642;False;2490.0;0.00036775792751;0.0542280357611;0.000803212851406;48876.2127973;0.146435158679
643;False;2233.0;0.0;0.0631091523971;0.00089565606807;21907.5765159;0.197136997416
644;False;2859.0;0.00304343339333;0.0444965535568;0.000699545295558;47545.3816394;0.0671119186473
645;False;1543.0;0.0;0.179376272045;0.00129617627997;6695.26416753;0.48263054379
646;False;1825.0;0.00321344009286;0.0286048302385;0.00109589041096;23983.7410699;0.0890725018418
647;False;1488.0;0.000556619524978;0.0707032604598;0.00134408602151;13183.9767805;0.190819419883
648;True;1344.0;0.00965518319909;0.0863676481299;0.0014880952381;11078.6409159;0.262069509173
649;False;1845.0;0.0;0.0160404624756;0.00108401084011;60667.1739951;0.0819543513722
650;False;879.0;0.0;0.18414429635;0.00227531285552;6827.70688085;0.483832912326
651;False;1360.0;0.00784992730349;0.112281427541;0.00147058823529;15905.709365;0.216928982327
652;False;2407.0;0.000169798279087;0.0529687682112;0.000830909846282;25036.6274;0.22177730602
653;False;1802.0;0.0;0.0884535782924;0.00110987791343;12825.7924634;0.530290033744
654;False;1974.0;0.0;0.092935219314;0.00101317122594;12217.4112574;0.470243538238
655;False;2349.0;0.000174335488326;0.0890798147641;0.000851426138782;14277.9943836;0.279049894708
656;False;1857.0;0.000244097192312;0.0589261264104;0.00107700592353;18314.1082062;0.162125541198
657;False;1111.0;0.00041841888344;0.099246182998;0.001800180018;6816.6564006;0.251865530262
658;False;1195.0;0.000272718114461;0.0871646743871;0.00167364016736;11377.5233301;0.278776866002
659;False;591.0;0.0;0.197809185341;0.00338409475465;3607.62444052;0.318684210544
660;False;3977.0;0.0039256196704;0.0211524652712;0.00326879557455;166257.985357;0.132222569319
661;False;3366.0;0.00210039141054;0.0137936781507;0.00386215092097;109950.848663;0.0761896014053
662;True;666.0;0.665871711581;0.481747913967;0.0195195195195;3816.33308866;0.972200760001
663;False;3079.0;0.00185663802558;0.05580329268;0.00422215004872;40953.5377742;0.774633653561
664;False;2907.0;0.0012602355329;0.018991572113;0.00447196422429;70313.3890308;0.219989998294
665;False;2012.0;0.0022446557335;0.0422707214793;0.00596421471173;25201.7002862;0.126922087338
666;False;2490.0;0.0243294464387;0.0415378712961;0.00522088353414;48876.2127973;0.270541279225
667;False;2664.0;0.00244457252662;0.0543837615271;0.00487987987988;40201.7441473;0.487729537499
668;False;3032.0;0.002873529253;0.00813502754924;0.00428759894459;59919.1058485;0.0391331360867
669;False;2818.0;0.00148152591158;0.0317499681451;0.00461320085167;38534.6320294;0.475413955299
670;False;3012.0;0.00417080433372;0.0286175378203;0.0043160690571;55622.0887341;0.325483018523
671;False;2233.0;0.00192404496621;0.0528627317675;0.00537393640842;21907.5765159;0.34344880988
672;False;2859.0;0.00197624555576;0.0327854988126;0.00454704442113;47545.3816394;0.116794801141
673;False;1011.0;0.0334964040168;0.0496049229278;0.0128585558853;36582.0020574;0.210916135093
674;False;1763.0;0.000420892967374;0.0166990997651;0.00737379466818;74870.7871242;0.114866101632
675;False;2363.0;0.0;0.0668452553914;0.00423190859077;16001.0716265;0.549563932902
676;False;2449.0;0.0;0.0316455308579;0.00449162923642;22171.6146965;0.36501465851
677;False;2336.0;0.00502544324203;0.0363890909808;0.00470890410959;24950.5802607;0.326187045051
678;False;1845.0;0.0012538984884;0.0108300579214;0.0070460704607;60667.1739951;0.100030900101
679;True;449.0;0.817493245155;0.309267194634;0.0267260579065;2947.09770888;1.40066688488
680;False;2386.0;0.000836878931298;0.0127091560048;0.00544844928751;31169.8003983;0.109025566368
681;False;1391.0;0.00351486583828;0.0259463646366;0.00934579439252;24610.1094012;0.196971213716
682;True;504.0;0.588461895407;0.248051956847;0.0218253968254;2358.96841732;1.5546470538
683;False;1635.0;0.0;0.0590172997948;0.00550458715596;8504.4821188;0.454391655755
684;False;1974.0;0.00849354503793;0.0521763951013;0.00607902735562;12217.4112574;0.477663250322
685;False;1857.0;0.00209205649779;0.0378346638751;0.00700053850296;18314.1082062;0.199496709064
686;True;1385.0;0.0173457046112;0.0975670352956;0.00938628158845;7569.4810807;0.694591954834
687;False;1038.0;0.0;0.17633536305;0.00578034682081;3386.76241845;0.670749448297
688;False;1345.0;0.000280724761159;0.00770537612562;0.00817843866171;61985.6285416;0.0587868148308
689;False;2349.0;0.00428804607391;0.044779109522;0.00553426990209;14277.9943836;0.27222168668
690;False;1011.0;0.0155546620679;0.366114068829;0.00890207715134;36582.0020574;0.861086331673
691;False;3977.0;0.00886505127018;0.0413712097399;0.00226301232084;166257.985357;0.113198848731
692;True;501.0;0.888221608837;0.491883563897;0.0139720558882;5389.36886334;0.877589184477
693;True;1391.0;0.0486626087607;0.163183646813;0.00647016534867;24610.1094012;0.771604675413
694;False;3366.0;0.00605422058054;0.0301996235297;0.00267379679144;109950.848663;0.0620790496725
695;False;2336.0;0.00982689265022;0.0781268498854;0.00385273972603;24950.5802607;0.655719728002
696;False;2386.0;0.0056450107655;0.0952596599893;0.00377200335289;31169.8003983;0.256345663681
697;False;1281.0;0.0140679046647;0.238913385043;0.00702576112412;13503.5895117;0.840614946186
698;False;3032.0;0.00847413413932;0.0233050853437;0.00296833773087;59919.1058485;0.0427989141826
699;False;2233.0;0.0442429213855;0.0941065237523;0.00403045230631;21907.5765159;0.3609345692
700;True;2407.0;0.0177073049438;0.10681750398;0.00373909430827;25036.6274;0.48045378088
701;False;912.0;0.0129688313618;0.241981436747;0.00986842105263;10939.3212966;0.805519632602
702;False;519.0;0.0287726234152;0.324174145261;0.0173410404624;9099.58039514;0.568309430908
703;False;282.0;0.0;0.13147770185;0.0283687943262;3509.29344847;0.468018068933
704;False;2907.0;0.00273798228394;0.0348148313072;0.0030959752322;70313.3890308;0.157479003747
705;False;1845.0;0.0045947874522;0.0307236244112;0.00487804878049;60667.1739951;0.134865760755
706;False;795.0;0.0075354131637;0.282419136824;0.011320754717;6577.92911072;0.656965165729
707;False;1283.0;0.211029819311;0.150066719016;0.00701480904131;7329.2378761;1.16332819847
708;False;3079.0;0.007146794582;0.0840220869416;0.0029230269568;40953.5377742;0.416207483263
709;False;2818.0;0.00475858777271;0.057892535522;0.00319375443577;38534.6320294;0.313442684618
710;False;1543.0;0.0241721608638;0.213331187382;0.00583279325988;6695.26416753;0.566933008108
711;False;1974.0;0.0913797950134;0.129628476811;0.00455927051672;12217.4112574;0.708998610196
712;True;788.0;0.148074930871;0.28468094367;0.010152284264;3447.54727265;1.19462249685
713;True;1111.0;0.0974099099015;0.125723636814;0.00810081008101;6816.6564006;0.436425379777
714;False;803.0;0.129239994698;0.134884063815;0.0112079701121;5143.52631428;0.47355330774
715;False;2449.0;0.0103321803563;0.0809073511075;0.00367496937526;22171.6146965;0.308763214315
716;False;2674.0;0.00546073537007;0.0523679896127;0.00336574420344;35473.8848963;0.257604826341
717;False;2664.0;0.00625822866177;0.0749862092838;0.00337837837838;40201.7441473;0.230495935569
718;True;2315.0;0.0229940631336;0.0906443161062;0.00388768898488;14425.7384714;0.413346163118
719;False;2859.0;0.00286375747837;0.0451361196326;0.00314795383001;47545.3816394;0.056894558836
720;True;2012.0;0.00144861265284;0.342433665504;0.00198807157058;25201.7002862;0.426946472858
721;False;3977.0;0.0035527383897;0.0241988609718;0.00100578325371;166257.985357;0.124684710865
722;False;3366.0;0.00535216210416;0.0147182553124;0.00118835412953;109950.848663;0.0821758500379
723;False;2818.0;0.0067152910534;0.0507010660994;0.0014194464159;38534.6320294;0.93796470724
724;True;3012.0;0.0164921553234;0.0477807177847;0.00132802124834;55622.0887341;0.619708904609
725;False;1061.0;0.0065190255322;0.219236760455;0.00377002827521;7717.37987135;0.786689299775
726;False;2386.0;0.0286371013023;0.0443996324823;0.00167644593462;31169.8003983;0.366828208839
727;True;3079.0;0.0100193784295;0.0546957647827;0.00129912309191;40953.5377742;0.964636612218
728;False;1328.0;0.00312071710439;0.545010683957;0.00301204819277;11659.9091185;0.36262987505
729;False;3032.0;0.00760497516189;0.0103634777808;0.00131926121372;59919.1058485;0.0540997983341
730;False;2664.0;0.00304603073845;0.0502470571829;0.0015015015015;40201.7441473;0.528765195668
731;False;399.0;0.0106807016497;0.246915647942;0.0100250626566;3204.41580872;0.903559354199
732;False;2674.0;0.00319314509054;0.0534027440849;0.00149588631264;35473.8848963;0.507815454003
733;False;519.0;0.00923113418675;0.210690500724;0.00770712909441;3197.52631937;0.846740583398
734;True;1192.0;0.0164407356323;0.467151432576;0.00335570469799;5475.27551403;0.415572486042
735;False;2336.0;0.00219202090328;0.0350238658975;0.00171232876712;24950.5802607;0.40449544512
736;False;2907.0;0.00203552463377;0.016370859907;0.00137598899209;70313.3890308;0.134497600196
737;False;448.0;0.00019922927079;0.0976956597845;0.00892857142857;5438.66303433;0.820714019189
738;True;1344.0;0.00997306129666;0.0528684771537;0.00297619047619;11078.6409159;0.268670230198
739;False;575.0;0.00238466818241;0.0767217757528;0.00695652173913;7081.1838534;0.841594898164
740;False;2315.0;0.0059401664149;0.0489494618966;0.00172786177106;14425.7384714;0.385192799252
741;False;2363.0;0.00516706769714;0.0378126893954;0.00169276343631;16001.0716265;0.334665899427
742;False;1345.0;0.00178683610206;0.00883556940847;0.00297397769517;61985.6285416;0.0644704603184
743;False;2490.0;0.00117896422666;0.0172837935524;0.00160642570281;48876.2127973;0.104005520504
744;False;1857.0;0.00343958887492;0.0300746178429;0.00215401184707;18314.1082062;0.184731076492
745;False;1763.0;0.000810848490206;0.0112606409701;0.0022688598979;74870.7871242;0.0606361927337
746;False;1788.0;0.000378326581991;0.0352390086371;0.00223713646532;48594.8182608;0.061096154396
747;False;2349.0;0.00392965759751;0.0372963627059;0.00170285227756;14277.9943836;0.253480779689
748;False;369.0;0.000861982111616;0.228558846938;0.0108401084011;1158.83450511;0.831390130206
749;False;1488.0;0.00547000417609;0.0273858007049;0.00268817204301;13183.9767805;0.113090993628
750;True;1360.0;0.0815879005436;0.0240084003901;0.00220588235294;15905.709365;0.814272971097
751;False;2818.0;0.0247976941833;0.00869764389567;0.00106458481192;38534.6320294;0.831187174966
752;False;1061.0;0.0386385363849;0.0241017663713;0.00282752120641;7717.37987135;0.29370739892
753;False;2859.0;0.00178299140261;0.00491174864164;0.00104931794334;47545.3816394;0.0769697968575
754;True;2664.0;0.00961892113026;0.0040768043513;0.00112612612613;40201.7441473;0.212653387398
755;False;3977.0;0.000468682815114;0.000749054161642;0.000754337440282;166257.985357;0.0209103277665
756;True;423.0;0.087444357603;0.0727664961589;0.00709219858156;2232.39710415;0.790406925004
757;False;3366.0;0.000798662322453;0.000573793286023;0.000891265597148;109950.848663;0.0144455418019
758;True;575.0;0.0576505732737;0.0110981782332;0.00521739130435;7081.1838534;0.575148144683
759;True;448.0;0.0474381935232;0.0128341501237;0.00669642857143;5438.66303433;0.457543271497
760;False;3012.0;0.000433537132334;0.00174694289507;0.000996015936255;55622.0887341;0.0886898163943
761;False;3032.0;0.000729445294166;0.000475171550726;0.00098944591029;59919.1058485;0.0103991550594
762;False;2012.0;0.00353583851372;0.00199256961152;0.00149105367793;25201.7002862;0.0317541248267
763;False;1345.0;0.00265147458651;0.000830379514271;0.00223048327138;61985.6285416;0.0366144258078
764;True;369.0;0.12979174856;0.0353584115069;0.00813008130081;1158.83450511;0.541656119284
765;False;3079.0;0.00148247355468;0.00162875678245;0.000974342318935;40953.5377742;0.109014178961
766;False;2386.0;1.0558670348e-05;0.000961124674465;0.00125733445096;31169.8003983;0.0353853289182
767;False;2907.0;0.00129150639265;0.000517520062941;0.00103199174407;70313.3890308;0.0299684129959
768;False;1763.0;0.000680453260766;0.000671368618358;0.00170164492343;74870.7871242;0.0233641676051
769;True;780.0;0.0247879009716;0.005869542511;0.00384615384615;5046.8915456;0.375603617148
770;False;1857.0;0.00424508019627;0.00234084571638;0.0016155088853;18314.1082062;0.0671956109058
771;False;2674.0;0.00209734195358;0.000827557803433;0.00112191473448;35473.8848963;0.0562138864007
772;True;184.0;0.216222783734;0.0404414879826;0.0163043478261;561.137996454;0.521237513925
773;False;967.0;0.0113288000764;0.00541997736424;0.00310237849018;4185.78843062;0.306394267549
774;False;143.0;0.044588023519;0.0763929918317;0.020979020979;986.713208242;0.220522589112
775;False;989.0;0.00877036172509;0.0127929950298;0.00303336703741;2193.52694375;0.741963965179
776;True;270.0;0.14832572793;0.0286909649892;0.0111111111111;805.371624696;0.56629467919
777;False;1192.0;0.0;0.0050734706792;0.00251677852349;5475.27551403;0.0463440561048
778;False;2349.0;0.00299650953144;0.00190649459404;0.00127713920817;14277.9943836;0.06398215197
779;False;2449.0;0.0011345040578;0.000910940725185;0.00122498979175;22171.6146965;0.0493091879035
780;False;1345.0;9.05405891768e-06;0.011854942584;0.00148698884758;61985.6285416;0.285874068671
781;False;246.0;0.000109668558094;0.0473634810786;0.00406504065041;12043.107632;0.354163691771
782;False;1763.0;1.25741970154e-05;0.00453848043023;0.00113442994895;74870.7871242;0.0945628909013
783;False;493.0;3.87234058471e-05;0.00423463838135;0.00405679513185;25246.1712243;0.084923332882
784;True;197.0;3.12576386163e-05;0.0169979942139;0.010152284264;6319.59902002;0.158037454925
785;False;3366.0;0.000184967352969;0.000647383609579;0.000594177064765;109950.848663;0.0113006634449
786;False;2907.0;0.000188911605812;0.00154129260391;0.000687994496044;70313.3890308;0.0544088054737
787;False;3977.0;0.000286896743315;0.000588149189512;0.000502891626854;166257.985357;0.0115380265978
788;False;1845.0;0.0;0.00123415693824;0.000542005420054;60667.1739951;0.0376671804002
789;False;3032.0;8.99645645039e-05;0.000287876517641;0.00065963060686;59919.1058485;0.00445043855568
790;False;2818.0;0.000298901423338;0.000996557790121;0.000709723207949;38534.6320294;0.0494880459149
791;False;2336.0;0.002696211267;0.000601558229874;0.000856164383562;24950.5802607;0.0246025489473
792;False;540.0;0.0;0.00340851681404;0.00185185185185;6843.72253117;0.0265806100165
793;False;1391.0;0.0;0.000668682878387;0.000718907260963;24610.1094012;0.0165034587567
794;False;1789.0;0.00165036457371;0.000647157997999;0.00111794298491;16259.7207021;0.0469560728531
795;True;766.0;0.0224941572173;0.0068713647577;0.00261096605744;3797.28552344;0.127431176295
796;False;575.0;0.0;0.00277647681461;0.00173913043478;7081.1838534;0.0624803064879
797;True;577.0;0.106825684393;0.00536046912812;0.00346620450607;3291.07301752;0.121005081178
798;False;1825.0;0.000390884329944;0.000233625938778;0.00109589041096;23983.7410699;0.00579674310716
799;True;110.0;0.0951778938718;0.0691771755702;0.0181818181818;1113.2630294;0.135879208931
800;False;2012.0;0.0;0.000338326862619;0.000994035785288;25201.7002862;0.00313279091087
801;False;2859.0;0.00024209031863;0.000264748980299;0.000699545295558;47545.3816394;0.00305519248268
802;False;208.0;0.419516503774;0.0140918192873;0.00961538461538;1186.20343569;0.0832507144094
803;False;1018.0;0.0;0.00205648849735;0.00098231827112;3863.48341953;0.0219469038852
804;False;217.0;0.088653803768;0.00877457938204;0.00921658986175;617.213784371;0.195629597164
805;False;541.0;0.0;0.00219613167119;0.00369685767098;2854.19633509;0.0633255499402
806;False;3079.0;8.25606738582e-06;0.000160146812498;0.000649561545956;40953.5377742;0.0102570208087
807;False;327.0;0.0;0.00314234950841;0.00611620795107;1784.57972276;0.0684232774444
808;False;178.0;0.0;0.00308826879777;0.0112359550562;4517.24759826;0.0575834382641
809;False;363.0;0.0189328045442;0.00464203710002;0.00550964187328;1406.21681388;0.0506185652446
810;False;3012.0;0.00454314422006;2.23183123807e-05;0.000332005312085;55622.0887341;0.0113027064766
811;False;3977.0;0.00182518920102;4.25035518978e-06;0.000251445813427;166257.985357;0.00114703590805
812;False;3366.0;0.00312369483543;3.33608707616e-06;0.000297088532383;109950.848663;0.000829194977947
813;True;207.0;0.145203873407;0.00953255245208;0.0048309178744;136.842577093;0.665435546751
814;True;170.0;0.772398053485;0.00822682066408;0.00588235294118;117.830320416;0.665435546751
815;False;3079.0;0.00104872623895;1.68885416647e-05;0.000324780772978;40953.5377742;0.00998619120268
816;True;264.0;0.188477009966;0.00718159847261;0.00378787878788;136.291458869;0.665435546751
817;False;2490.0;0.000717569922885;1.3969665695e-05;0.000401606425703;48876.2127973;0.00391794119906
818;False;1783.0;0.00181365301271;4.22795535718e-05;0.000560852495794;16179.5227105;0.00414291621393
819;False;636.0;0.0272166610453;0.000100460876794;0.00157232704403;3516.20476003;0.0209963268969
820;False;2907.0;0.00047648463222;4.62525584983e-06;0.000343997248022;70313.3890308;0.00235232547135
821;False;3032.0;0.00362412812072;2.07038586952e-06;0.00032981530343;59919.1058485;0.000452061117495
822;False;2407.0;0.00136420594907;1.20089816739e-05;0.000415454923141;25036.6274;0.00539711742867
823;True;1825.0;0.0046870270033;7.13432356644e-06;0.000547945205479;23983.7410699;0.00194719779713
824;False;1385.0;0.00232866053012;6.25280559296e-05;0.00072202166065;7569.4810807;0.0177608112934
825;False;187.0;0.120037116218;0.00734892447671;0.00534759358289;82.0369515968;0.665435546751
826;False;854.0;0.00196169426175;4.22939000849e-05;0.00117096018735;13227.3069187;0.00301676374132
827;False;1253.0;0.0167686620479;7.02730985892e-05;0.000798084596967;3100.54812181;0.0323056277234
828;False;795.0;0.0029712213541;4.89688740671e-05;0.00125786163522;6577.92911072;0.00770804085537
829;False;2674.0;0.000637355519566;6.86746847414e-06;0.00037397157816;35473.8848963;0.00397465746563
830;False;208.0;0.361370443808;0.00473014446793;0.00480769230769;72.5737567454;0.665435546751
831;False;2818.0;0.000585619876494;5.59691902634e-06;0.000354861603974;38534.6320294;0.00360760503932
832;False;1360.0;0.0018292664201;1.66386797391e-05;0.000735294117647;15905.709365;0.00343905820615
833;False;280.0;0.160684396611;0.000794953541553;0.00357142857143;336.611057271;0.28099052535
834;False;1543.0;0.010575062783;1.99085054789e-05;0.000648088139987;6695.26416753;0.00624671101941
835;False;2336.0;0.000467335880394;9.79304706469e-06;0.000428082191781;24950.5802607;0.00369522497362
836;True;145.0;0.437164648275;0.00581418432814;0.00689655172414;59.8719256298;0.665435546751
837;True;954.0;0.0;0.000129470562399;0.00104821802935;1777.14862156;0.0459688240292
838;False;2386.0;0.00106532513261;3.35925262604e-06;0.000419111483655;31169.8003983;0.00125065533382
839;False;1030.0;0.00285526995571;2.59314496025e-05;0.000970873786408;6401.04091018;0.00411045892054
840;False;3977.0;0.0214330831764;0.00238871612678;0.000754337440282;166257.985357;0.0562020115343
841;False;3366.0;0.0268329652941;0.00160676212949;0.000891265597148;109950.848663;0.0345579435498
842;False;2233.0;0.165176178035;0.00890022460427;0.0013434841021;21907.5765159;0.289740499588
843;False;3012.0;0.0240904179418;0.00516323176996;0.000996015936255;55622.0887341;0.212827615153
844;False;3032.0;0.0325832192698;0.00122919032627;0.00098944591029;59919.1058485;0.0230613534186
845;True;1422.0;0.348822874683;0.0210387069469;0.00210970464135;7198.2574154;0.804372923469
846;True;1131.0;0.219602026482;0.0123712053405;0.0026525198939;6130.3987913;0.377107353763
847;True;2407.0;0.10585359995;0.00498082262183;0.00124636476942;25036.6274;0.194654443846
848;True;178.0;0.76920525346;0.0584282240654;0.0168539325843;756.63611311;1.1404055956
849;True;449.0;0.661704443251;0.0248057101649;0.00668151447661;3071.71813368;0.612548200223
850;False;2907.0;0.00900403412762;0.00145438186604;0.00103199174407;70313.3890308;0.0599080796838
851;False;1281.0;0.161057636878;0.00818025883914;0.00234192037471;13503.5895117;0.217258801652
852;False;2859.0;0.00851604427565;0.002858169767;0.00104931794334;47545.3816394;0.0341184296128
853;True;212.0;0.00103624469374;0.465590010259;0.0141509433962;1924.19944887;0.699376280164
854;False;499.0;0.625303424043;0.0229852198836;0.0060120240481;2695.1442687;0.555646958831
855;False;2386.0;0.011994488286;0.00153062411174;0.00125733445096;31169.8003983;0.044946319589
856;False;881.0;0.0474890832398;0.00900979820152;0.00340522133939;7086.36733557;0.17890365504
857;False;1235.0;0.00013564761786;0.0262525143222;0.00161943319838;5554.77716791;0.597063158069
858;False;1283.0;0.122612719779;0.00623070593549;0.00233826968044;7329.2378761;0.256635350985
859;True;698.0;0.0972670107929;0.019786074697;0.00429799426934;2535.73851546;0.506033268935
860;False;392.0;0.182469505937;0.0132007847732;0.00765306122449;1755.14355956;0.411572551729
861;False;1783.0;0.0109177868359;0.00449626576826;0.00168255748738;16179.5227105;0.0351818852375
862;False;486.0;0.243350920291;0.0150215240882;0.00617283950617;1436.17080551;0.487439945976
863;False;423.0;0.353609115233;0.0201850076085;0.00709219858156;1226.5491322;0.837582788306
864;True;525.0;0.322675335656;0.0149801080372;0.00571428571429;2029.23692577;0.200174063768
865;False;2012.0;0.0142188669015;0.00101975147871;0.00149105367793;25201.7002862;0.0129551075282
866;False;2818.0;0.00396415243767;0.000956843751323;0.00106458481192;38534.6320294;0.0501215355422
867;False;854.0;0.00723358781399;0.00547742256903;0.00351288056206;13227.3069187;0.0308455988595
868;False;2490.0;0.0137904358607;0.00103770913759;0.00120481927711;48876.2127973;0.0259900799565
869;False;2315.0;0.00588317264592;0.00206590206555;0.00129589632829;14425.7384714;0.0785915767523
